Player,Pos,Age,Tm,G,GS,MP,FG,FGA,FG%,3P,3PA,3P%,2P,2PA,2P%,eFG%,FT,FTA,FT%,ORB,DRB,TRB,AST,STL,BLK,TOV,PF,PTS
Bam Adebayo,PF,22,MIA,72,72,33.6,6.1,11.0,.557,0.0,0.2,.143,6.1,10.8,.564,.558,3.7,5.3,.691,2.4,7.8,10.2,5.1,1.1,1.3,2.8,2.5,15.9
Grayson Allen,SG,24,MEM,38,0,18.9,3.1,6.6,.466,1.5,3.7,.404,1.6,2.9,.545,.580,1.0,1.2,.867,0.2,2.0,2.2,1.4,0.3,0.1,0.9,1.4,8.7
Giannis Antetokounmpo,PF,25,MIL,63,63,30.4,10.9,19.7,.553,1.4,4.7,.304,9.5,15.0,.631,.589,6.3,10.0,.633,2.2,11.4,13.6,5.6,1.0,1.0,3.7,3.1,29.5
Kostas Antetokounmpo,PF,22,LAL,5,0,4.0,0.6,0.6,1.000,0.0,0.0,0,0.6,0.6,1.000,1.000,0.2,0.4,.500,0.4,0.2,0.6,0.4,0.0,0.0,0.2,0.4,1.4
Harrison Barnes,PF,27,SAC,72,72,34.5,5.1,11.0,.460,1.4,3.7,.381,3.7,7.3,.501,.525,3.0,3.7,.801,1.1,3.9,4.9,2.2,0.6,0.2,1.2,1.3,14.5
Malik Beasley,SG,23,TOT,55,14,22.0,4.1,9.7,.425,1.9,5.0,.388,2.2,4.7,.465,.525,1.0,1.2,.818,0.3,2.4,2.7,1.4,0.7,0.1,1.0,1.4,11.2
Marco Belinelli,SG,33,SAS,57,0,15.5,2.2,5.5,.392,1.2,3.1,.376,1.0,2.4,.412,.498,0.8,1.0,.828,0.1,1.6,1.7,1.2,0.2,0.0,0.3,0.8,6.3
Patrick Beverley,PG,31,LAC,51,50,26.3,2.9,6.7,.431,1.6,4.0,.388,1.3,2.6,.496,.548,0.6,0.9,.660,1.1,4.1,5.2,3.6,1.1,0.5,1.3,3.1,7.9
Nemanja Bjelica,PF,31,SAC,72,67,27.9,4.4,9.1,.481,1.9,4.4,.419,2.5,4.6,.541,.583,1.0,1.2,.821,1.5,4.8,6.4,2.8,0.9,0.6,1.4,3.0,11.5
Eric Bledsoe,PG,30,MIL,61,61,27.0,5.5,11.5,.475,1.2,3.5,.344,4.3,8.0,.533,.528,2.8,3.5,.790,0.7,3.9,4.6,5.4,0.9,0.4,2.4,2.1,14.9
Bogdan Bogdanović,SG,27,SAC,61,28,29.0,5.5,12.6,.440,2.7,7.2,.372,2.8,5.3,.532,.547,1.4,1.9,.741,0.4,3.0,3.4,3.4,1.0,0.2,1.7,2.2,15.1
Avery Bradley,SG,29,LAL,49,44,24.2,3.5,7.8,.444,1.3,3.5,.364,2.2,4.3,.510,.526,0.4,0.5,.833,0.4,2.0,2.3,1.3,0.9,0.1,1.0,2.2,8.6
Corey Brewer,PF,33,SAC,5,0,6.6,0.4,0.8,.500,0.0,0.2,.000,0.4,0.6,.667,.500,0.2,0.6,.333,0.4,1.2,1.6,0.4,0.8,0.0,0.4,1.4,1.0
Malcolm Brogdon,PG,27,IND,54,54,30.9,6.0,13.8,.438,1.4,4.3,.326,4.6,9.5,.488,.489,3.1,3.4,.892,0.9,4.0,4.9,7.1,0.6,0.2,2.4,1.8,16.5
Dillon Brooks,SG,24,MEM,73,73,28.9,6.0,14.6,.407,2.0,5.6,.358,3.9,9.0,.438,.476,2.2,2.8,.808,0.9,2.4,3.3,2.1,0.9,0.4,1.7,3.8,16.2
Trey Burke,PG,27,TOT,33,1,15.8,2.8,6.3,.450,1.0,2.3,.427,1.9,4.1,.463,.526,0.7,0.9,.793,0.5,1.0,1.5,2.5,0.5,0.1,0.6,1.0,7.4
Kentavious Caldwell-Pope,SG,26,LAL,69,26,25.5,3.4,7.3,.467,1.3,3.5,.385,2.1,3.9,.541,.558,1.1,1.5,.775,0.6,1.5,2.1,1.6,0.8,0.2,0.9,1.9,9.3
Alex Caruso,PG,25,LAL,64,2,18.4,1.9,4.5,.412,0.6,1.9,.333,1.3,2.7,.468,.481,1.1,1.5,.734,0.3,1.7,1.9,1.9,1.1,0.3,0.8,1.5,5.5
Chris Chiozza,PG,24,TOT,28,2,14.3,2.0,5.0,.393,1.0,2.6,.375,1.0,2.4,.412,.489,0.2,0.2,1.000,0.3,1.6,1.9,3.0,0.8,0.1,1.1,1.3,5.1
Brandon Clarke,PF,23,MEM,58,4,22.4,5.1,8.3,.618,0.4,1.1,.359,4.7,7.2,.658,.642,1.5,1.9,.759,1.6,4.4,5.9,1.4,0.6,0.8,0.9,1.7,12.1
Jordan Clarkson,SG,27,TOT,71,2,24.0,5.5,12.2,.454,2.1,5.8,.368,3.4,6.4,.533,.542,1.9,2.3,.836,0.7,1.9,2.6,1.9,0.6,0.2,1.4,1.5,15.2
Amir Coffey,SG,22,LAC,18,1,8.8,1.3,3.0,.426,0.3,1.1,.316,0.9,1.9,.486,.481,0.3,0.6,.545,0.2,0.7,0.9,0.8,0.3,0.1,0.4,1.1,3.2
Pat Connaughton,SG,27,MIL,67,4,18.6,2.0,4.5,.455,0.8,2.5,.331,1.2,2.0,.607,.547,0.5,0.6,.775,0.9,3.3,4.2,1.6,0.4,0.5,0.8,1.0,5.4
Quinn Cook,PG,26,LAL,44,1,11.5,2.1,4.9,.425,0.7,1.9,.365,1.4,2.9,.465,.498,0.3,0.3,.786,0.3,0.9,1.2,1.1,0.3,0.0,0.8,0.6,5.1
Jae Crowder,PF,29,MIA,20,8,27.7,4.0,8.2,.482,2.9,6.4,.445,1.1,1.8,.611,.655,1.1,1.5,.733,0.6,4.8,5.4,1.8,1.3,0.5,0.8,2.9,11.9
Troy Daniels,SG,28,TOT,47,0,11.3,1.5,4.0,.387,1.0,2.8,.348,0.6,1.1,.481,.511,0.2,0.3,.625,0.3,0.9,1.1,0.4,0.2,0.1,0.3,0.8,4.3
Troy Daniels,SG,28,LAL,41,0,11.1,1.5,3.9,.392,1.0,2.7,.357,0.5,1.1,.478,.519,0.2,0.4,.625,0.3,0.8,1.1,0.3,0.2,0.1,0.2,0.7,4.2
Anthony Davis,PF,26,LAL,62,62,34.4,8.9,17.7,.503,1.2,3.5,.330,7.7,14.2,.546,.536,7.2,8.5,.846,2.3,7.0,9.3,3.2,1.5,2.3,2.5,2.5,26.1
Terence Davis,SG,22,TOR,72,4,16.8,2.8,6.1,.456,1.3,3.4,.388,1.5,2.7,.541,.564,0.7,0.8,.864,0.7,2.6,3.3,1.6,0.5,0.2,1.1,1.7,7.5
Donte DiVincenzo,SG,23,MIL,66,24,23.0,3.5,7.7,.455,1.3,3.7,.336,2.3,4.0,.567,.536,1.0,1.3,.733,1.0,3.8,4.8,2.3,1.3,0.3,1.4,1.7,9.2
Goran Dragić,PG,33,MIA,59,3,28.2,5.4,12.3,.441,2.1,5.7,.367,3.3,6.5,.505,.526,3.2,4.2,.776,0.5,2.7,3.2,5.1,0.7,0.2,2.4,2.1,16.2
Jared Dudley,PF,34,LAL,45,1,8.1,0.5,1.3,.400,0.4,0.9,.429,0.1,0.4,.333,.550,0.0,0.0,1.000,0.1,1.0,1.2,0.6,0.3,0.1,0.2,0.9,1.5
Jacob Evans,SG,22,TOT,29,1,14.4,1.6,4.6,.336,0.4,1.3,.333,1.1,3.3,.337,.384,0.9,1.0,.862,0.3,1.1,1.4,1.1,0.4,0.4,0.9,1.4,4.4
Dante Exum,SG,24,TOT,35,1,13.9,1.6,3.4,.471,0.4,1.2,.349,1.2,2.2,.539,.534,0.9,1.2,.744,0.3,1.6,1.9,1.1,0.4,0.2,0.9,1.1,4.5
Yogi Ferrell,PG,26,SAC,50,0,10.6,1.6,3.8,.420,0.5,1.6,.304,1.1,2.2,.505,.484,0.7,0.8,.857,0.1,0.9,1.0,1.4,0.4,0.1,0.6,0.8,4.4
Bryn Forbes,SG,26,SAS,63,62,25.1,3.8,9.2,.417,2.3,6.0,.388,1.5,3.2,.470,.544,1.2,1.4,.833,0.2,1.8,2.0,1.7,0.5,0.0,0.9,1.8,11.2
De'Aaron Fox,PG,22,SAC,51,49,32.0,7.7,16.0,.480,1.1,3.6,.292,6.6,12.4,.535,.513,4.7,6.7,.705,0.7,3.2,3.8,6.8,1.5,0.5,3.1,2.8,21.1
Wenyen Gabriel,PF,22,TOT,30,1,7.8,0.7,1.6,.438,0.2,0.7,.300,0.5,0.9,.536,.500,0.5,0.7,.682,0.7,1.0,1.7,0.3,0.4,0.2,0.5,1.3,2.1
Wenyen Gabriel,PF,22,SAC,11,0,5.5,0.5,1.5,.353,0.1,0.7,.125,0.5,0.8,.556,.382,0.5,0.9,.600,0.4,0.5,0.9,0.3,0.3,0.2,0.5,0.6,1.7
Rudy Gay,PF,33,SAS,67,5,21.8,4.0,8.9,.446,1.1,3.3,.336,2.9,5.6,.511,.508,1.8,2.0,.882,0.9,4.5,5.4,1.7,0.5,0.5,1.3,1.5,10.8
Danny Green,SG,32,LAL,68,68,24.8,2.9,7.0,.416,1.8,4.8,.367,1.1,2.2,.524,.542,0.5,0.7,.688,0.8,2.6,3.3,1.3,1.3,0.5,0.9,2.0,8.0
JaMychal Green,PF,29,LAC,63,1,20.7,2.4,5.6,.429,1.5,3.8,.387,0.9,1.8,.518,.560,0.6,0.8,.750,1.2,4.9,6.2,0.8,0.5,0.4,0.9,2.8,6.8
Marko Guduric,SG,24,MEM,44,0,11.0,1.4,3.6,.395,0.6,1.9,.301,0.8,1.7,.500,.475,0.5,0.6,.923,0.3,1.3,1.7,1.0,0.3,0.2,0.8,0.8,3.9
Kyle Guy,SG,22,SAC,3,0,3.3,0.7,1.7,.400,0.0,1.0,.000,0.7,0.7,1.000,.400,0.0,0.0,0,0.0,0.3,0.3,0.3,0.0,0.0,0.0,0.3,1.3
Dusty Hannahs,SG,26,MEM,2,0,6.5,2.0,4.5,.444,1.0,1.5,.667,1.0,3.0,.333,.556,1.0,1.0,1.000,0.0,0.5,0.5,0.0,0.0,0.0,0.0,0.5,6.0
Maurice Harkless,PF,26,LAC,50,38,22.8,2.2,4.3,.516,0.5,1.5,.370,1.7,2.9,.590,.578,0.5,0.8,.571,0.9,3.1,4.0,1.0,1.0,0.6,0.9,2.4,5.5
Juancho Hernangómez,PF,24,TOT,48,14,17.4,2.1,5.1,.405,0.9,2.7,.341,1.2,2.5,.475,.494,0.9,1.5,.620,0.9,3.2,4.1,0.8,0.4,0.2,0.7,1.3,6.0
Tyler Herro,SG,20,MIA,55,8,27.4,4.9,11.5,.428,2.1,5.4,.389,2.8,6.1,.462,.520,1.6,1.8,.870,0.3,3.8,4.1,2.2,0.6,0.2,1.6,1.4,13.5
Buddy Hield,SG,27,SAC,72,44,30.8,6.9,16.1,.429,3.8,9.6,.394,3.2,6.6,.479,.545,1.6,1.9,.846,0.8,3.8,4.6,3.0,0.9,0.2,2.3,2.3,19.2
George Hill,PG,33,MIL,59,2,21.5,3.3,6.4,.516,1.4,3.0,.460,1.9,3.4,.565,.624,1.4,1.7,.842,0.8,2.2,3.0,3.1,0.8,0.1,1.0,1.4,9.4
Solomon Hill,PF,28,TOT,59,4,18.4,1.9,4.7,.396,1.1,2.9,.368,0.8,1.8,.439,.509,0.7,0.9,.741,0.5,2.3,2.8,1.8,0.7,0.2,0.9,1.4,5.5
Solomon Hill,PF,28,MEM,48,3,18.8,2.0,4.9,.412,1.2,3.1,.381,0.8,1.8,.465,.532,0.5,0.8,.684,0.5,2.5,3.0,2.0,0.6,0.1,0.8,1.5,5.7
Solomon Hill,PF,28,MIA,11,1,17.0,1.3,4.1,.311,0.6,2.2,.292,0.6,1.9,.333,.389,1.3,1.5,.875,0.5,1.5,1.9,0.9,1.1,0.5,1.0,1.1,4.5
Aaron Holiday,PG,23,IND,66,33,24.5,3.5,8.5,.414,1.3,3.3,.394,2.2,5.2,.427,.491,1.1,1.3,.851,0.3,2.0,2.4,3.4,0.8,0.2,1.3,1.8,9.5
Rondae Hollis-Jefferson,PF,25,TOR,60,6,18.7,2.6,5.5,.471,0.1,0.4,.130,2.5,5.1,.497,.476,1.8,2.4,.734,1.8,2.9,4.7,1.8,0.8,0.4,1.0,1.9,7.0
Talen Horton-Tucker,SG,19,LAL,6,1,13.5,2.3,5.0,.467,0.7,2.2,.308,1.7,2.8,.588,.533,0.3,0.7,.500,0.3,0.8,1.2,1.0,1.3,0.2,1.0,1.7,5.7
Ersan İlyasova,PF,32,MIL,63,8,15.7,2.3,5.0,.466,0.8,2.2,.365,1.5,2.8,.545,.546,1.1,1.4,.828,1.0,3.8,4.8,0.8,0.4,0.3,0.5,1.5,6.6
Reggie Jackson,SG,29,LAC,17,6,21.3,3.4,7.5,.453,1.5,3.7,.413,1.9,3.8,.492,.555,1.1,1.2,.905,0.4,2.6,3.0,3.2,0.3,0.2,1.6,2.2,9.5
LeBron James,PG,35,LAL,67,67,34.6,9.6,19.4,.493,2.2,6.3,.348,7.4,13.1,.564,.550,3.9,5.7,.693,1.0,6.9,7.8,10.2,1.2,0.5,3.9,1.8,25.3
DaQuan Jeffries,SG,22,SAC,13,0,10.8,1.5,3.1,.500,0.4,1.4,.278,1.2,1.7,.682,.563,0.4,0.5,.833,0.2,1.2,1.4,0.5,0.3,0.1,0.2,1.5,3.8
Alize Johnson,PF,23,IND,17,1,6.9,0.7,1.7,.414,0.2,0.5,.375,0.5,1.2,.429,.466,0.4,0.6,.700,0.9,1.9,2.8,0.4,0.2,0.1,0.4,0.7,2.0
James Johnson,PF,32,MIA,18,0,15.6,2.2,4.8,.448,0.9,2.5,.356,1.3,2.3,.548,.540,0.4,0.8,.571,0.4,2.4,2.9,1.2,0.3,0.7,0.8,1.9,5.7
Stanley Johnson,PF,23,TOR,25,0,6.0,0.9,2.4,.373,0.3,1.0,.292,0.6,1.4,.429,.432,0.4,0.6,.563,0.3,1.2,1.5,0.8,0.2,0.2,0.6,0.6,2.4
Tyus Jones,PG,23,MEM,65,6,19.0,3.0,6.6,.459,0.7,1.9,.379,2.3,4.7,.492,.514,0.7,0.9,.741,0.1,1.4,1.6,4.4,0.9,0.1,0.8,0.7,7.4
Cory Joseph,PG,28,SAC,72,26,24.4,2.4,5.7,.415,0.8,2.2,.352,1.6,3.5,.455,.483,0.8,1.0,.857,0.6,2.0,2.6,3.5,0.7,0.3,1.1,1.8,6.4
Michael Kidd-Gilchrist,PF,26,TOT,25,0,11.2,0.9,2.6,.333,0.2,0.8,.250,0.7,1.8,.370,.371,0.4,0.6,.786,0.6,2.1,2.7,0.6,0.1,0.2,0.6,1.5,2.4
John Konchar,SG,23,MEM,19,0,9.5,1.3,1.9,.649,0.3,0.5,.500,1.0,1.4,.704,.716,0.1,0.1,.500,0.9,1.5,2.5,1.2,0.4,0.2,0.4,0.4,2.8
Kyle Kuzma,PF,24,LAL,61,9,25.0,4.8,11.0,.436,1.4,4.5,.316,3.4,6.5,.518,.500,1.9,2.5,.735,0.9,3.6,4.5,1.3,0.5,0.4,1.5,2.1,12.8
Jeremy Lamb,SG,27,IND,46,42,28.1,4.7,10.4,.451,1.2,3.4,.335,3.5,7.0,.508,.506,2.0,2.4,.836,0.5,3.8,4.3,2.1,1.2,0.5,1.1,2.3,12.5
T.J. Leaf,PF,22,IND,28,1,7.9,1.3,3.1,.419,0.2,0.6,.278,1.1,2.4,.456,.448,0.3,0.6,.438,0.8,1.7,2.5,0.3,0.4,0.1,0.3,0.8,3.0
Kyle Lowry,PG,33,TOR,58,58,36.2,5.8,13.8,.416,2.8,8.0,.352,2.9,5.8,.504,.518,5.1,5.9,.857,0.6,4.5,5.0,7.5,1.4,0.4,3.1,3.3,19.4
Trey Lyles,PF,24,SAS,63,53,20.2,2.4,5.4,.446,1.0,2.7,.387,1.4,2.8,.503,.541,0.5,0.7,.733,1.1,4.6,5.7,1.1,0.4,0.4,0.6,1.6,6.4
Daryl Macon,PG,24,MIA,4,0,3.5,0.3,0.8,.333,0.3,0.5,.500,0.0,0.3,.000,.500,0.0,0.0,0,0.0,0.0,0.0,0.3,0.0,0.0,0.5,0.3,0.8
Frank Mason III,PG,25,MIL,9,0,13.1,2.6,5.7,.451,0.7,2.3,.286,1.9,3.3,.567,.510,1.1,1.9,.588,0.6,1.6,2.1,3.2,0.6,0.1,1.2,1.2,6.9
Wesley Matthews,SG,33,MIL,67,67,24.4,2.5,6.3,.396,1.6,4.4,.364,0.9,1.9,.472,.524,0.8,1.0,.765,0.3,2.1,2.5,1.4,0.6,0.1,0.6,1.5,7.4
T.J. McConnell,PG,27,IND,71,3,18.7,3.0,5.8,.516,0.1,0.2,.294,2.9,5.5,.525,.522,0.5,0.6,.833,0.5,2.1,2.7,5.0,0.8,0.2,1.4,1.0,6.5
Doug McDermott,PF,28,IND,69,0,19.9,3.9,7.9,.488,1.9,4.3,.435,2.0,3.7,.549,.605,0.7,0.8,.828,0.4,2.1,2.5,1.1,0.2,0.1,0.6,1.7,10.3
Rodney McGruder,SG,28,LAC,56,4,15.6,1.3,3.2,.398,0.4,1.6,.270,0.9,1.6,.522,.464,0.3,0.6,.559,0.5,2.2,2.7,0.6,0.5,0.1,0.4,1.3,3.3
Jordan McRae,SG,28,TOT,37,4,21.2,4.0,9.9,.407,1.2,3.4,.357,2.8,6.5,.433,.469,2.2,2.9,.761,0.5,2.9,3.4,2.5,0.6,0.4,1.2,2.0,11.5
De'Anthony Melton,PG,21,MEM,60,8,19.5,2.7,6.7,.401,0.7,2.3,.286,2.0,4.4,.464,.451,1.6,2.0,.769,0.7,3.0,3.7,2.9,1.3,0.3,1.4,1.8,7.6
Patty Mills,PG,31,SAS,66,1,22.5,3.9,9.1,.431,2.3,6.1,.382,1.6,3.0,.533,.560,1.5,1.7,.866,0.3,1.3,1.6,1.8,0.8,0.1,0.8,1.6,11.6
Naz Mitrou-Long,SG,26,IND,5,0,9.4,1.2,3.4,.353,0.4,2.4,.167,0.8,1.0,.800,.412,0.0,0.0,0,0.0,1.4,1.4,1.6,0.2,0.2,0.6,0.4,2.8
Ja Morant,PG,20,MEM,67,67,31.0,6.7,14.0,.477,0.9,2.7,.335,5.8,11.3,.511,.509,3.6,4.6,.776,0.8,3.1,3.9,7.3,0.9,0.3,3.3,1.6,17.8
Marcus Morris,PF,30,LAC,19,19,28.9,3.9,9.2,.425,1.4,4.4,.310,2.5,4.7,.533,.500,0.9,1.2,.818,0.6,3.5,4.1,1.4,0.7,0.7,1.3,2.7,10.1
Markieff Morris,PF,30,TOT,58,17,20.5,3.5,7.9,.443,1.5,3.9,.386,2.0,4.0,.500,.539,1.1,1.5,.776,0.7,3.1,3.8,1.3,0.5,0.3,1.3,2.3,9.7
Markieff Morris,PF,30,LAL,14,1,14.2,2.0,4.9,.406,0.9,2.8,.333,1.1,2.1,.500,.500,0.4,0.4,.833,1.1,2.1,3.2,0.6,0.4,0.4,0.4,2.1,5.3
Johnathan Motley,PF,24,LAC,13,0,3.2,0.8,1.2,.733,0.1,0.1,1.000,0.8,1.1,.714,.767,0.4,0.5,.714,0.2,0.5,0.8,0.6,0.2,0.0,0.4,0.5,2.2
Dejounte Murray,PG,23,SAS,66,58,25.6,4.5,9.7,.462,0.6,1.7,.369,3.8,8.0,.481,.494,1.4,1.7,.798,1.0,4.8,5.8,4.1,1.7,0.3,1.9,2.2,10.9
Shabazz Napier,PG,28,TOT,56,32,24.0,3.4,8.1,.412,1.4,4.3,.317,2.0,3.9,.519,.496,2.3,2.7,.824,0.5,2.4,2.8,4.7,1.2,0.2,2.3,1.8,10.3
Zach Norvell,SG,22,TOT,5,0,8.2,0.6,2.4,.250,0.6,1.6,.375,0.0,0.8,.000,.375,0.2,0.2,1.000,0.0,1.2,1.2,0.6,0.4,0.0,0.6,0.8,2.0
Zach Norvell,SG,22,LAL,2,0,2.5,0.0,0.5,.000,0.0,0.0,0,0.0,0.5,.000,.000,0.0,0.0,0,0.0,0.5,0.5,0.0,0.0,0.0,0.0,0.0,0.0
Kendrick Nunn,PG,24,MIA,67,67,29.3,6.0,13.6,.439,2.0,5.8,.350,3.9,7.8,.505,.514,1.3,1.5,.850,0.3,2.4,2.7,3.3,0.8,0.2,1.7,2.3,15.3
KZ Okpala,PF,20,MIA,5,0,5.2,0.6,1.0,.600,0.0,0.2,.000,0.6,0.8,.750,.600,0.2,0.4,.500,0.2,0.8,1.0,0.2,0.4,0.2,0.2,0.4,1.4
Victor Oladipo,SG,27,IND,19,16,27.8,5.1,12.9,.394,1.7,5.5,.317,3.4,7.5,.451,.461,2.5,3.1,.814,0.5,3.5,3.9,2.9,0.9,0.2,2.5,1.9,14.5
Jabari Parker,PF,24,TOT,38,23,24.1,5.8,11.3,.510,0.8,3.1,.269,4.9,8.2,.603,.548,1.6,2.1,.753,1.6,4.0,5.6,1.8,1.2,0.4,1.7,2.6,14.0
Jabari Parker,PF,24,SAC,6,0,13.3,3.5,6.0,.583,0.2,0.7,.250,3.3,5.3,.625,.597,1.3,1.5,.889,1.2,2.7,3.8,1.7,0.5,0.2,0.7,1.0,8.5
Patrick Patterson,PF,30,LAC,59,18,13.2,1.6,3.9,.408,1.1,2.9,.390,0.5,1.0,.459,.552,0.6,0.7,.814,0.6,2.0,2.6,0.7,0.1,0.1,0.4,0.9,4.9
Shamorie Ponds,PG,21,TOR,4,0,2.8,0.8,1.3,.600,0.3,0.5,.500,0.5,0.8,.667,.700,0.5,0.5,1.000,0.0,0.3,0.3,0.5,0.0,0.3,0.0,0.5,2.3
Norman Powell,SG,26,TOR,52,26,28.4,5.7,11.5,.495,2.1,5.3,.399,3.6,6.3,.575,.586,2.5,2.9,.843,0.5,3.2,3.7,1.8,1.2,0.4,1.5,2.1,16.0
Duncan Robinson,SG,25,MIA,73,68,29.7,4.4,9.4,.470,3.7,8.3,.446,0.7,1.1,.654,.667,0.9,1.0,.931,0.1,3.0,3.2,1.4,0.5,0.3,1.0,2.6,13.5
Jerome Robinson,SG,22,TOT,63,6,15.5,1.8,4.9,.371,0.8,2.4,.320,1.0,2.5,.420,.450,0.6,0.9,.702,0.2,1.8,2.0,1.4,0.4,0.3,0.8,1.8,5.1
Jerome Robinson,SG,22,LAC,42,1,11.3,1.1,3.2,.338,0.5,1.6,.284,0.6,1.6,.391,.408,0.3,0.5,.579,0.1,1.3,1.4,1.1,0.3,0.2,0.6,1.3,2.9
Rajon Rondo,PG,33,LAL,48,3,20.5,2.9,6.8,.418,0.9,2.6,.328,2.0,4.2,.473,.480,0.6,0.9,.659,0.5,2.5,3.0,5.0,0.8,0.0,1.9,1.2,7.1
D'Angelo Russell,PG,23,TOT,45,45,32.3,8.0,18.8,.426,3.5,9.6,.367,4.5,9.2,.487,.519,3.6,4.4,.809,0.4,3.6,3.9,6.3,1.1,0.3,3.3,1.9,23.1
Domantas Sabonis,PF,23,IND,62,62,34.8,7.4,13.7,.540,0.3,1.1,.254,7.1,12.6,.565,.550,3.5,4.8,.723,3.0,9.4,12.4,5.0,0.8,0.5,2.7,3.1,18.5
Luka Šamanić,PF,20,SAS,3,1,16.0,1.7,5.3,.313,1.0,2.7,.375,0.7,2.7,.250,.406,1.0,1.3,.750,0.3,3.0,3.3,2.0,0.0,0.7,0.7,2.0,5.3
JaKarr Sampson,PF,26,IND,34,12,13.9,2.0,3.4,.591,0.1,0.4,.154,1.9,3.0,.647,.600,0.5,0.8,.667,0.6,2.0,2.6,0.6,0.5,0.4,0.4,1.9,4.6
Landry Shamet,SG,22,LAC,53,30,27.4,3.0,7.4,.404,2.1,5.6,.375,0.9,1.8,.495,.546,1.2,1.4,.855,0.1,1.8,1.9,1.9,0.4,0.2,0.8,2.7,9.3
Pascal Siakam,PF,25,TOR,60,60,35.2,8.3,18.4,.453,2.2,6.1,.359,6.2,12.3,.499,.512,4.0,5.1,.792,1.1,6.3,7.3,3.5,1.0,0.9,2.5,2.8,22.9
Chris Silva,PF,23,MIA,44,0,7.9,1.1,1.8,.615,0.0,0.1,.000,1.1,1.7,.640,.615,0.8,1.3,.673,1.4,1.5,2.9,0.5,0.2,0.5,0.7,1.9,3.0
J.R. Smith,SG,34,LAL,6,0,13.2,1.2,3.7,.318,0.2,1.8,.091,1.0,1.8,.545,.341,0.3,0.3,1.000,0.0,0.8,0.8,0.5,0.2,0.0,0.7,0.8,2.8
Edmond Sumner,SG,24,IND,31,3,14.4,2.0,4.6,.430,0.5,1.7,.264,1.5,2.9,.528,.479,0.5,0.9,.552,0.4,1.1,1.5,1.8,0.5,0.3,0.7,1.4,4.9
Jeff Teague,PG,31,TOT,59,17,24.8,3.6,8.3,.436,0.7,2.0,.368,2.9,6.3,.457,.480,2.9,3.3,.873,0.5,1.9,2.4,5.2,0.7,0.3,2.0,1.8,10.9
Matt Thomas,SG,25,TOR,41,1,10.7,1.8,3.7,.487,1.1,2.4,.475,0.6,1.2,.510,.643,0.2,0.3,.750,0.2,1.3,1.5,0.5,0.2,0.0,0.4,0.9,4.9
Anthony Tolliver,PF,34,TOT,55,13,15.9,1.2,3.3,.357,0.9,2.6,.338,0.3,0.7,.432,.492,0.4,0.5,.724,0.6,2.2,2.8,0.8,0.3,0.2,0.6,1.3,3.6
Anthony Tolliver,PF,34,SAC,9,0,9.1,0.3,1.9,.176,0.2,1.7,.133,0.1,0.2,.500,.235,0.1,0.2,.500,0.2,1.0,1.2,0.3,0.4,0.1,0.4,0.7,1.0
Anthony Tolliver,PF,34,MEM,13,4,18.2,1.5,3.7,.396,1.3,3.2,.415,0.2,0.5,.286,.573,0.5,0.6,.875,0.4,2.2,2.5,0.8,0.5,0.1,0.7,1.1,4.8
Jarrod Uthoff,PF,26,TOT,7,0,7.6,1.0,2.6,.389,0.4,1.3,.333,0.6,1.3,.444,.472,0.3,0.3,1.000,0.3,0.6,0.9,0.0,0.1,0.0,0.0,0.3,2.7
Jarrod Uthoff,PF,26,MEM,4,0,3.5,0.3,1.8,.143,0.0,1.0,.000,0.3,0.8,.333,.143,0.5,0.5,1.000,0.3,0.0,0.3,0.0,0.3,0.0,0.0,0.3,1.0
Jarred Vanderbilt,PF,20,TOT,11,0,4.2,0.5,0.7,.625,0.0,0.1,.000,0.5,0.6,.714,.625,0.2,0.2,1.000,0.3,0.5,0.8,0.2,0.3,0.1,0.6,0.5,1.1
Fred VanVleet,SG,25,TOR,54,54,35.7,5.9,14.3,.413,2.7,6.9,.390,3.2,7.4,.434,.507,3.1,3.7,.848,0.3,3.4,3.8,6.6,1.9,0.3,2.2,2.4,17.6
Gabe Vincent,PG,23,MIA,9,0,9.2,0.9,4.1,.216,0.7,3.0,.222,0.2,1.1,.200,.297,0.0,0.0,0,0.0,0.6,0.6,0.7,0.6,0.0,0.1,0.7,2.4
Dion Waiters,SG,28,TOT,10,0,20.7,4.1,9.9,.414,1.5,4.7,.319,2.6,5.2,.500,.490,1.4,1.7,.824,0.2,2.2,2.4,2.0,0.4,0.6,1.6,2.1,11.1
Dion Waiters,SG,28,MIA,3,0,14.0,3.3,8.7,.385,2.7,5.7,.471,0.7,3.0,.222,.538,0.0,0.3,.000,0.0,3.7,3.7,1.0,0.0,0.7,1.0,1.7,9.3
Dion Waiters,SG,28,LAL,7,0,23.6,4.4,10.4,.425,1.0,4.3,.233,3.4,6.1,.558,.473,2.0,2.3,.875,0.3,1.6,1.9,2.4,0.6,0.6,1.9,2.3,11.9
Lonnie Walker IV,SG,21,SAS,61,12,16.2,2.5,5.9,.426,0.7,1.7,.406,1.8,4.2,.434,.483,0.7,1.0,.721,0.4,1.9,2.3,1.1,0.5,0.2,0.7,1.3,6.4
Derrick Walton,PG,24,TOT,26,1,9.5,0.7,1.5,.462,0.4,0.9,.417,0.3,0.6,.533,.590,0.3,0.3,.778,0.1,0.5,0.6,1.0,0.3,0.0,0.2,0.8,2.0
Derrick Walton,PG,24,LAC,23,1,9.7,0.7,1.6,.472,0.4,0.9,.429,0.3,0.7,.533,.597,0.3,0.4,.778,0.1,0.6,0.7,1.0,0.2,0.0,0.2,0.8,2.2
Quinndary Weatherspoon,SG,23,SAS,11,0,7.1,0.5,1.5,.294,0.1,0.5,.200,0.4,1.1,.333,.324,0.1,0.2,.500,0.1,0.5,0.6,1.0,0.3,0.1,0.5,0.7,1.1
Derrick White,SG,25,SAS,68,20,24.7,3.7,8.1,.458,1.2,3.2,.366,2.6,4.9,.518,.530,2.6,3.1,.853,0.5,2.8,3.3,3.5,0.6,0.9,1.3,2.2,11.3
Lou Williams,PG,33,LAC,65,8,28.7,6.0,14.4,.418,1.7,4.8,.352,4.3,9.6,.451,.477,4.5,5.2,.861,0.5,2.6,3.1,5.6,0.7,0.2,2.8,1.2,18.2
Marvin Williams,PF,33,TOT,58,1,19.5,2.1,4.6,.446,1.0,2.7,.359,1.1,1.9,.568,.551,0.8,1.0,.860,0.5,2.6,3.2,1.0,0.6,0.5,0.6,1.8,5.9
Marvin Williams,PF,33,MIL,17,0,18.9,1.5,3.4,.439,0.7,2.3,.308,0.8,1.1,.722,.544,0.4,0.4,.857,0.9,3.5,4.4,1.1,0.6,0.5,0.5,1.9,4.0
D.J. Wilson,PF,23,MIL,37,1,9.8,1.4,3.6,.394,0.5,2.0,.247,0.9,1.6,.576,.462,0.3,0.5,.611,0.3,2.2,2.5,0.7,0.1,0.1,0.5,0.9,3.6
Justise Winslow,SG,23,MIA,11,5,32.0,4.5,11.7,.388,0.5,2.5,.222,4.0,9.3,.431,.411,1.6,2.5,.667,1.5,5.2,6.6,4.0,0.6,0.5,2.2,3.5,11.3
